SET FOREIGN_KEY_CHECKS=0;

CREATE DATABASE IF NOT EXISTS inversionesatlantico;

USE inversionesatlantico;

DROP TABLE IF EXISTS cliente;

CREATE TABLE `cliente` (
  `idcliente` int NOT NULL AUTO_INCREMENT,
  `nit` varchar(80) DEFAULT NULL,
  `nombre` varchar(80) DEFAULT NULL,
  `telefono` bigint DEFAULT NULL,
  `direccion` text,
  `dateadd` datetime NOT NULL DEFAULT CURRENT_TIMESTAMP,
  `usuario_id` int NOT NULL,
  `estatus` int NOT NULL DEFAULT '1',
  PRIMARY KEY (`idcliente`),
  KEY `usuario_id` (`usuario_id`),
  CONSTRAINT `cliente_ibfk_1` FOREIGN KEY (`usuario_id`) REFERENCES `usuario` (`idusuario`)
) ENGINE=InnoDB AUTO_INCREMENT=25 DEFAULT CHARSET=latin1;

INSERT INTO cliente VALUES("1","1","adad","6564","asdasdasdad","2022-11-25 21:40:53","1","1");
INSERT INTO cliente VALUES("2","801","Enrique Nolasco","32647699","Cao, centro america","2022-11-25 00:00:00","1","1");
INSERT INTO cliente VALUES("3","0801190011567","Enrique Nolasco","32649898","Centro America Oeste","2022-11-29 00:00:00","1","1");
INSERT INTO cliente VALUES("22","5656","YANINE","98989779","COL 21 FEBRERO","2022-11-29 00:23:43","1","1");
INSERT INTO cliente VALUES("23","010101","DORCA","99899889","COL 21 FEBRERO","2022-11-29 00:29:15","1","1");
INSERT INTO cliente VALUES("24","080119990566","Alejandro","32647999","COL 21 FEBRERO","2022-11-29 00:40:11","1","1");



DROP TABLE IF EXISTS configuracion;

CREATE TABLE `configuracion` (
  `id` bigint NOT NULL AUTO_INCREMENT,
  `nit` varchar(20) NOT NULL,
  `nombre` varchar(100) NOT NULL,
  `razon_social` varchar(100) NOT NULL,
  `telefono` bigint NOT NULL,
  `email` varchar(200) NOT NULL,
  `direccion` text NOT NULL,
  `iva` decimal(10,2) NOT NULL,
  PRIMARY KEY (`id`)
) ENGINE=InnoDB AUTO_INCREMENT=2 DEFAULT CHARSET=latin1;

INSERT INTO configuracion VALUES("1","010790213115692","INVERSIONES UNIFORMES DEL ATLANTICO, S. DE R.L. DE CV","I.U.A. (UA)","3264769912","uniformesdelatlantico@hotmail.com","BO E CENTRO, DOMICILIO RETIRADO, ATRAS DE LA DESPENSA FAMILIAR, TELA ATLANTIDA","15.00");



DROP TABLE IF EXISTS detalle_temp;

CREATE TABLE `detalle_temp` (
  `correlativo` int NOT NULL AUTO_INCREMENT,
  `token_user` varchar(50) NOT NULL,
  `codproducto` int NOT NULL,
  `cantidad` int NOT NULL,
  `precio_venta` decimal(10,2) NOT NULL,
  PRIMARY KEY (`correlativo`),
  KEY `nofactura` (`token_user`),
  KEY `codproducto` (`codproducto`),
  CONSTRAINT `detalle_temp_ibfk_2` FOREIGN KEY (`codproducto`) REFERENCES `producto` (`codproducto`) ON DELETE CASCADE ON UPDATE CASCADE
) ENGINE=InnoDB AUTO_INCREMENT=22 DEFAULT CHARSET=latin1;




DROP TABLE IF EXISTS detallefactura;

CREATE TABLE `detallefactura` (
  `correlativo` bigint NOT NULL AUTO_INCREMENT,
  `nofactura` bigint DEFAULT NULL,
  `codproducto` int DEFAULT NULL,
  `cantidad` int DEFAULT NULL,
  `precio_venta` decimal(10,2) DEFAULT NULL,
  PRIMARY KEY (`correlativo`),
  KEY `codproducto` (`codproducto`),
  KEY `nofactura` (`nofactura`),
  CONSTRAINT `detallefactura_ibfk_2` FOREIGN KEY (`codproducto`) REFERENCES `producto` (`codproducto`),
  CONSTRAINT `detallefactura_ibfk_3` FOREIGN KEY (`nofactura`) REFERENCES `factura` (`nofactura`) ON DELETE CASCADE ON UPDATE CASCADE
) ENGINE=InnoDB AUTO_INCREMENT=89 DEFAULT CHARSET=latin1;

INSERT INTO detallefactura VALUES("82","44","16","1","100.00");
INSERT INTO detallefactura VALUES("83","45","16","1","100.00");
INSERT INTO detallefactura VALUES("84","46","16","1","100.00");
INSERT INTO detallefactura VALUES("85","47","17","45","500.00");
INSERT INTO detallefactura VALUES("86","48","16","10","100.00");
INSERT INTO detallefactura VALUES("87","49","16","100","100.00");
INSERT INTO detallefactura VALUES("88","50","16","5","100.00");



DROP TABLE IF EXISTS entradas;

CREATE TABLE `entradas` (
  `correlativo` int NOT NULL AUTO_INCREMENT,
  `codproducto` int NOT NULL,
  `fecha` datetime NOT NULL DEFAULT CURRENT_TIMESTAMP,
  `cantidad` int NOT NULL,
  `precio` decimal(10,2) NOT NULL,
  `usuario_id` int NOT NULL DEFAULT '1',
  PRIMARY KEY (`correlativo`),
  KEY `codproducto` (`codproducto`),
  CONSTRAINT `entradas_ibfk_1` FOREIGN KEY (`codproducto`) REFERENCES `producto` (`codproducto`) ON DELETE CASCADE ON UPDATE CASCADE
) ENGINE=InnoDB AUTO_INCREMENT=42 DEFAULT CHARSET=latin1;

INSERT INTO entradas VALUES("29","16","2022-11-25 16:38:53","1","100.00","1");
INSERT INTO entradas VALUES("30","17","2022-11-25 23:21:43","45","500.00","1");
INSERT INTO entradas VALUES("31","16","2022-11-28 18:44:09","5000","100.00","1");
INSERT INTO entradas VALUES("32","18","2022-11-28 18:45:12","150","1200.00","1");
INSERT INTO entradas VALUES("33","17","2022-11-28 18:51:55","500","100.00","1");
INSERT INTO entradas VALUES("34","19","2022-11-28 23:09:28","10","100.00","1");
INSERT INTO entradas VALUES("35","20","2022-11-28 23:09:52","10","100.00","1");
INSERT INTO entradas VALUES("36","21","2022-11-28 23:10:10","10","100.00","1");
INSERT INTO entradas VALUES("37","22","2022-11-28 23:11:25","10","100.00","1");
INSERT INTO entradas VALUES("38","23","2022-11-28 23:12:18","10","100.00","1");
INSERT INTO entradas VALUES("39","9","2022-11-28 23:15:24","10","100.00","1");
INSERT INTO entradas VALUES("40","10","2022-11-28 23:20:31","20","500.00","1");
INSERT INTO entradas VALUES("41","11","2022-11-29 14:43:33","10","120.00","1");



DROP TABLE IF EXISTS factura;

CREATE TABLE `factura` (
  `nofactura` bigint NOT NULL AUTO_INCREMENT,
  `fecha` datetime NOT NULL DEFAULT CURRENT_TIMESTAMP,
  `usuario` int DEFAULT NULL,
  `codcliente` int DEFAULT NULL,
  `totalfactura` decimal(10,2) DEFAULT NULL,
  `estatus` int NOT NULL DEFAULT '1',
  PRIMARY KEY (`nofactura`),
  KEY `usuario` (`usuario`),
  KEY `codcliente` (`codcliente`),
  CONSTRAINT `factura_ibfk_1` FOREIGN KEY (`codcliente`) REFERENCES `cliente` (`idcliente`) ON DELETE CASCADE ON UPDATE CASCADE,
  CONSTRAINT `factura_ibfk_2` FOREIGN KEY (`usuario`) REFERENCES `usuario` (`idusuario`) ON DELETE CASCADE ON UPDATE CASCADE
) ENGINE=InnoDB AUTO_INCREMENT=51 DEFAULT CHARSET=latin1;

INSERT INTO factura VALUES("44","2022-11-25 21:42:02","1","1","100.00","2");
INSERT INTO factura VALUES("45","2022-11-25 21:46:15","1","1","100.00","1");
INSERT INTO factura VALUES("46","2022-11-25 22:11:14","1","1","100.00","1");
INSERT INTO factura VALUES("47","2022-11-25 23:22:34","1","1","22500.00","1");
INSERT INTO factura VALUES("48","2022-11-28 23:29:56","1","3","1000.00","1");
INSERT INTO factura VALUES("49","2022-11-29 00:24:37","1","22","10000.00","1");
INSERT INTO factura VALUES("50","2022-11-29 00:29:52","1","23","500.00","1");



DROP TABLE IF EXISTS producto;

CREATE TABLE `producto` (
  `codproducto` int NOT NULL AUTO_INCREMENT,
  `descripcion` varchar(100) DEFAULT NULL,
  `proveedor` int DEFAULT NULL,
  `precio` decimal(10,2) DEFAULT NULL,
  `existencia` int DEFAULT NULL,
  `date_add` datetime NOT NULL DEFAULT CURRENT_TIMESTAMP,
  `usuario_id` int NOT NULL,
  `estatus` int NOT NULL DEFAULT '1',
  `foto` text,
  PRIMARY KEY (`codproducto`),
  KEY `proveedor` (`proveedor`),
  KEY `usuario_id` (`usuario_id`),
  CONSTRAINT `producto_ibfk_1` FOREIGN KEY (`proveedor`) REFERENCES `proveedor` (`codproveedor`),
  CONSTRAINT `producto_ibfk_2` FOREIGN KEY (`usuario_id`) REFERENCES `usuario` (`idusuario`) ON DELETE CASCADE ON UPDATE CASCADE
) ENGINE=InnoDB AUTO_INCREMENT=24 DEFAULT CHARSET=latin1;

INSERT INTO producto VALUES("9","mouse","7","100.00","10","2022-11-28 23:15:24","1","1","img_producto.png");
INSERT INTO producto VALUES("10","Maquillaje","7","500.00","20","2022-11-28 23:20:31","1","1","img_f09c2df351f6acf2c354bb45cd4af76e.jpg");
INSERT INTO producto VALUES("11","camisa m","7","120.00","10","2022-11-29 14:43:33","1","1","img_producto.png");
INSERT INTO producto VALUES("16","mouse","1","100.00","4884","2022-11-25 16:38:53","1","1","img_0080cdfbf0256248ff100a15ee1890fe.jpg");
INSERT INTO producto VALUES("17","camisa","1","100.00","500","2022-11-25 23:21:43","1","1","img_70ab8b37e75f2b90df0e15f2feb5bbf8.jpg");
INSERT INTO producto VALUES("18","Camisa Talla S Barcelona","16","1200.00","150","2022-11-28 18:45:12","1","1","img_bbf9841a5987c6529e9d2023e1289abd.jpg");
INSERT INTO producto VALUES("19","mouse","7","100.00","10","2022-11-28 23:09:28","1","0","img_0b5f719dc8b67a355193b6fcece63f71.jpg");
INSERT INTO producto VALUES("20","mouse","7","100.00","10","2022-11-28 23:09:52","1","0","img_aeaa4cf1d6fbd6db1c76fb39e536469a.jpg");
INSERT INTO producto VALUES("21","mouse","7","100.00","10","2022-11-28 23:10:10","1","0","img_e611702ea631dc5923aa18e0eeeca30a.jpg");
INSERT INTO producto VALUES("22","mouse","7","100.00","10","2022-11-28 23:11:25","1","0","img_e222503289fe2d84e6ebc78300495fef.jpg");
INSERT INTO producto VALUES("23","mouse","7","100.00","10","2022-11-28 23:12:18","1","1","img_e454628bc34b80f5aa2200dbf10ad9d0.jpg");



DROP TABLE IF EXISTS proveedor;

CREATE TABLE `proveedor` (
  `codproveedor` int NOT NULL AUTO_INCREMENT,
  `proveedor` varchar(100) DEFAULT NULL,
  `contacto` varchar(100) DEFAULT NULL,
  `telefono` bigint DEFAULT NULL,
  `direccion` text,
  `date_add` datetime NOT NULL DEFAULT CURRENT_TIMESTAMP,
  `usuario_id` int NOT NULL,
  `estatus` int NOT NULL DEFAULT '1',
  PRIMARY KEY (`codproveedor`),
  KEY `usuario_id` (`usuario_id`),
  CONSTRAINT `proveedor_ibfk_1` FOREIGN KEY (`usuario_id`) REFERENCES `usuario` (`idusuario`) ON DELETE CASCADE ON UPDATE CASCADE
) ENGINE=InnoDB AUTO_INCREMENT=17 DEFAULT CHARSET=latin1;

INSERT INTO proveedor VALUES("1","kik","kike","32647699","cao","2018-03-20 23:13:43","1","1");
INSERT INTO proveedor VALUES("6","Luisa MakeUP","Luisa Castro","32647699","CAO","2022-11-29 00:00:00","1","1");
INSERT INTO proveedor VALUES("7","Fernando y asociados","Fernado","32647699","CAO","2022-11-29 00:00:00","1","1");
INSERT INTO proveedor VALUES("13","MIRIAM CORP","Miriam Nolasco","326476699","Mall Multiplaza","2022-11-27 16:55:53","1","1");
INSERT INTO proveedor VALUES("14","prueba","prueba","32649792","casa","2022-11-27 16:59:51","1","1");
INSERT INTO proveedor VALUES("15","MIRIAM CORP","juanitoX","25252525","prueba","2022-11-27 17:02:28","1","1");
INSERT INTO proveedor VALUES("16","Juanito Corp","Dorca Aguilar","1231231","CAO","2022-11-27 17:04:26","1","1");



DROP TABLE IF EXISTS rol;

CREATE TABLE `rol` (
  `idrol` int NOT NULL AUTO_INCREMENT,
  `rol` varchar(20) DEFAULT NULL,
  PRIMARY KEY (`idrol`)
) ENGINE=InnoDB AUTO_INCREMENT=4 DEFAULT CHARSET=latin1;

INSERT INTO rol VALUES("1","ADMINISTRADOR");
INSERT INTO rol VALUES("2","EMPLEADO");
INSERT INTO rol VALUES("3","DEFECTO");



DROP TABLE IF EXISTS tbl_bitacora;

CREATE TABLE `tbl_bitacora` (
  `ID_BITACORA` int NOT NULL AUTO_INCREMENT,
  `FECHA` datetime DEFAULT NULL,
  `ID_USUARIO` int DEFAULT NULL,
  `ID_OBJETO` int DEFAULT NULL,
  `ACCION` varchar(20) DEFAULT NULL,
  `DESCRIPCION` varchar(100) DEFAULT NULL,
  PRIMARY KEY (`ID_BITACORA`),
  KEY `Bitacora_IdUsuario_idx` (`ID_USUARIO`),
  KEY `Bitacora_IdObjeto_idx` (`ID_OBJETO`),
  CONSTRAINT `Bitacora_IdObjeto` FOREIGN KEY (`ID_OBJETO`) REFERENCES `tbl_ms_objetos` (`ID_OBJETO`),
  CONSTRAINT `Bitacora_IdUsuario` FOREIGN KEY (`ID_USUARIO`) REFERENCES `tbl_ms_usuario` (`ID_USUARIO`)
) ENGINE=InnoDB AUTO_INCREMENT=110 DEFAULT CHARSET=utf8mb4 COLLATE=utf8mb4_0900_ai_ci;

INSERT INTO tbl_bitacora VALUES("1","2022-11-25 00:00:00","2","3","AUTOREGISTRO","AUTOREGISTRO DE USUARIO DESDE EL LOGIN");
INSERT INTO tbl_bitacora VALUES("2","2022-11-25 00:00:00","2","3","AUTOREGISTRO","CONSTESTO PREGUNTA EXITOSAMENTE");
INSERT INTO tbl_bitacora VALUES("3","2022-11-25 00:00:00","2","3","AUTOREGISTRO","CONSTESTO PREGUNTA EXITOSAMENTE");
INSERT INTO tbl_bitacora VALUES("4","2022-11-25 00:00:00","2","3","AUTOREGISTRO","CONSTESTO PREGUNTA EXITOSAMENTE");
INSERT INTO tbl_bitacora VALUES("5","2022-11-25 00:00:00","2","1","INTENTOS LOGIN","REGISTRO POR INTENTOS DE INGRESAR AL SISTEMA DESDE EL INDEX");
INSERT INTO tbl_bitacora VALUES("6","2022-11-25 00:00:00","3","3","AUTOREGISTRO","AUTOREGISTRO DE USUARIO DESDE EL LOGIN");
INSERT INTO tbl_bitacora VALUES("7","2022-11-25 00:00:00","3","3","AUTOREGISTRO","CONSTESTO PREGUNTA EXITOSAMENTE");
INSERT INTO tbl_bitacora VALUES("8","2022-11-25 00:00:00","3","3","AUTOREGISTRO","CONSTESTO PREGUNTA EXITOSAMENTE");
INSERT INTO tbl_bitacora VALUES("9","2022-11-25 00:00:00","3","3","AUTOREGISTRO","CONSTESTO PREGUNTA EXITOSAMENTE");
INSERT INTO tbl_bitacora VALUES("10","2022-11-25 00:00:00","3","1","INGRESO AL SISTEMA","INGRESO A LA PANTALLA PRINCIPAL DESDE LOGIN");
INSERT INTO tbl_bitacora VALUES("11","2022-11-25 00:00:00","1","1","CERRAR SESION","CIERE DE SESION PANTALLA PRINCIPAL");
INSERT INTO tbl_bitacora VALUES("12","2022-11-25 00:00:00","1","1","INGRESO AL SISTEMA","INGRESO A LA PANTALLA PRINCIPAL DESDE LOGIN");
INSERT INTO tbl_bitacora VALUES("13","2022-11-25 00:00:00","1","1","INGRESO AL SISTEMA","INGRESO A LA PANTALLA PRINCIPAL DESDE LOGIN");
INSERT INTO tbl_bitacora VALUES("14","2022-11-25 00:00:00","3","1","INGRESO AL SISTEMA","INGRESO A LA PANTALLA PRINCIPAL DESDE LOGIN");
INSERT INTO tbl_bitacora VALUES("15","2022-11-25 00:00:00","1","1","INGRESO AL SISTEMA","INGRESO A LA PANTALLA PRINCIPAL DESDE LOGIN");
INSERT INTO tbl_bitacora VALUES("16","2022-11-25 00:00:00","1","1","INGRESO AL SISTEMA","INGRESO A LA PANTALLA PRINCIPAL DESDE LOGIN");
INSERT INTO tbl_bitacora VALUES("17","2022-11-25 00:00:00","1","1","INGRESO AL SISTEMA","INGRESO A LA PANTALLA PRINCIPAL DESDE LOGIN");
INSERT INTO tbl_bitacora VALUES("18","2022-11-25 00:00:00","1","1","INGRESO AL SISTEMA","INGRESO A LA PANTALLA PRINCIPAL DESDE LOGIN");
INSERT INTO tbl_bitacora VALUES("19","2022-11-25 00:00:00","1","1","CERRAR SESION","CIERE DE SESION PANTALLA PRINCIPAL");
INSERT INTO tbl_bitacora VALUES("20","2022-11-25 00:00:00","1","1","INGRESO AL SISTEMA","INGRESO A LA PANTALLA PRINCIPAL DESDE LOGIN");
INSERT INTO tbl_bitacora VALUES("21","2022-11-25 00:00:00","1","1","INGRESO AL SISTEMA","INGRESO A LA PANTALLA PRINCIPAL DESDE LOGIN");
INSERT INTO tbl_bitacora VALUES("22","2022-11-25 00:00:00","1","1","INTENTOS LOGIN","REGISTRO POR INTENTOS DE INGRESAR AL SISTEMA DESDE EL INDEX");
INSERT INTO tbl_bitacora VALUES("23","2022-11-25 00:00:00","1","1","INGRESO AL SISTEMA","INGRESO A LA PANTALLA PRINCIPAL DESDE LOGIN");
INSERT INTO tbl_bitacora VALUES("24","2022-11-25 00:00:00","1","1","INGRESO AL SISTEMA","INGRESO A LA PANTALLA PRINCIPAL DESDE LOGIN");
INSERT INTO tbl_bitacora VALUES("25","2022-11-25 00:00:00","1","1","CERRAR SESION","CIERE DE SESION PANTALLA PRINCIPAL");
INSERT INTO tbl_bitacora VALUES("26","2022-11-25 00:00:00","3","1","INGRESO AL SISTEMA","INGRESO A LA PANTALLA PRINCIPAL DESDE LOGIN");
INSERT INTO tbl_bitacora VALUES("27","2022-11-25 00:00:00","1","1","CERRAR SESION","CIERE DE SESION PANTALLA PRINCIPAL");
INSERT INTO tbl_bitacora VALUES("28","2022-11-25 00:00:00","3","1","INGRESO AL SISTEMA","INGRESO A LA PANTALLA PRINCIPAL DESDE LOGIN");
INSERT INTO tbl_bitacora VALUES("29","2022-11-25 00:00:00","1","1","CERRAR SESION","CIERE DE SESION PANTALLA PRINCIPAL");
INSERT INTO tbl_bitacora VALUES("30","2022-11-25 00:00:00","1","1","INGRESO AL SISTEMA","INGRESO A LA PANTALLA PRINCIPAL DESDE LOGIN");
INSERT INTO tbl_bitacora VALUES("31","2022-11-25 00:00:00","1","1","INGRESO AL SISTEMA","INGRESO A LA PANTALLA PRINCIPAL DESDE LOGIN");
INSERT INTO tbl_bitacora VALUES("32","2022-11-25 00:00:00","1","1","INTENTOS LOGIN","REGISTRO POR INTENTOS DE INGRESAR AL SISTEMA DESDE EL INDEX");
INSERT INTO tbl_bitacora VALUES("33","2022-11-25 00:00:00","1","1","INGRESO AL SISTEMA","INGRESO A LA PANTALLA PRINCIPAL DESDE LOGIN");
INSERT INTO tbl_bitacora VALUES("34","2022-11-25 00:00:00","1","1","CERRAR SESION","CIERE DE SESION PANTALLA PRINCIPAL");
INSERT INTO tbl_bitacora VALUES("35","2022-11-25 00:00:00","1","1","INGRESO AL SISTEMA","INGRESO A LA PANTALLA PRINCIPAL DESDE LOGIN");
INSERT INTO tbl_bitacora VALUES("36","2022-11-25 00:00:00","1","1","INGRESO AL SISTEMA","INGRESO A LA PANTALLA PRINCIPAL DESDE LOGIN");
INSERT INTO tbl_bitacora VALUES("37","2022-11-25 00:00:00","1","1","CERRAR SESION","CIERE DE SESION PANTALLA PRINCIPAL");
INSERT INTO tbl_bitacora VALUES("38","2022-11-25 00:00:00","1","1","INGRESO AL SISTEMA","INGRESO A LA PANTALLA PRINCIPAL DESDE LOGIN");
INSERT INTO tbl_bitacora VALUES("39","2022-11-25 00:00:00","1","1","INGRESO AL SISTEMA","INGRESO A LA PANTALLA PRINCIPAL DESDE LOGIN");
INSERT INTO tbl_bitacora VALUES("40","2022-11-26 00:00:00","2","2","EDITAR","ACTUALIZACION DE EMPLEADO DESDE MANTENIMIENTO USUARIO");
INSERT INTO tbl_bitacora VALUES("41","2022-11-26 00:00:00","1","1","CERRAR SESION","CIERE DE SESION PANTALLA PRINCIPAL");
INSERT INTO tbl_bitacora VALUES("42","2022-11-26 00:00:00","1","1","INGRESO AL SISTEMA","INGRESO A LA PANTALLA PRINCIPAL DESDE LOGIN");
INSERT INTO tbl_bitacora VALUES("43","2022-11-26 00:00:00","1","1","INGRESO AL SISTEMA","INGRESO A LA PANTALLA PRINCIPAL DESDE LOGIN");
INSERT INTO tbl_bitacora VALUES("44","2022-11-26 00:00:00","2","2","EDITAR","ACTUALIZACION DE EMPLEADO DESDE MANTENIMIENTO USUARIO");
INSERT INTO tbl_bitacora VALUES("45","2022-11-26 00:00:00","1","1","CERRAR SESION","CIERE DE SESION PANTALLA PRINCIPAL");
INSERT INTO tbl_bitacora VALUES("46","2022-11-26 00:00:00","1","1","INGRESO AL SISTEMA","INGRESO A LA PANTALLA PRINCIPAL DESDE LOGIN");
INSERT INTO tbl_bitacora VALUES("47","2022-11-26 00:00:00","1","1","INGRESO AL SISTEMA","INGRESO A LA PANTALLA PRINCIPAL DESDE LOGIN");
INSERT INTO tbl_bitacora VALUES("48","2022-11-26 00:00:00","1","1","INGRESO AL SISTEMA","INGRESO A LA PANTALLA PRINCIPAL DESDE LOGIN");
INSERT INTO tbl_bitacora VALUES("49","2022-11-26 00:00:00","1","1","INGRESO AL SISTEMA","INGRESO A LA PANTALLA PRINCIPAL DESDE LOGIN");
INSERT INTO tbl_bitacora VALUES("50","2022-11-26 00:00:00","1","1","CERRAR SESION","CIERE DE SESION PANTALLA PRINCIPAL");
INSERT INTO tbl_bitacora VALUES("51","2022-11-26 00:00:00","3","1","INGRESO AL SISTEMA","INGRESO A LA PANTALLA PRINCIPAL DESDE LOGIN");
INSERT INTO tbl_bitacora VALUES("52","2022-11-26 00:00:00","1","1","INGRESO AL SISTEMA","INGRESO A LA PANTALLA PRINCIPAL DESDE LOGIN");
INSERT INTO tbl_bitacora VALUES("53","2022-11-26 00:00:00","1","1","CERRAR SESION","CIERE DE SESION PANTALLA PRINCIPAL");
INSERT INTO tbl_bitacora VALUES("54","2022-11-26 00:00:00","1","1","INGRESO AL SISTEMA","INGRESO A LA PANTALLA PRINCIPAL DESDE LOGIN");
INSERT INTO tbl_bitacora VALUES("55","2022-11-26 00:00:00","1","1","INGRESO AL SISTEMA","INGRESO A LA PANTALLA PRINCIPAL DESDE LOGIN");
INSERT INTO tbl_bitacora VALUES("56","2022-11-26 00:00:00","1","1","INGRESO AL SISTEMA","INGRESO A LA PANTALLA PRINCIPAL DESDE LOGIN");
INSERT INTO tbl_bitacora VALUES("57","2022-11-27 00:00:00","1","1","INGRESO AL SISTEMA","INGRESO A LA PANTALLA PRINCIPAL DESDE LOGIN");
INSERT INTO tbl_bitacora VALUES("58","2022-11-27 00:00:00","1","1","INGRESO AL SISTEMA","INGRESO A LA PANTALLA PRINCIPAL DESDE LOGIN");
INSERT INTO tbl_bitacora VALUES("59","2022-11-27 00:00:00","1","1","INGRESO AL SISTEMA","INGRESO A LA PANTALLA PRINCIPAL DESDE LOGIN");
INSERT INTO tbl_bitacora VALUES("60","2022-11-27 00:00:00","1","1","CERRAR SESION","CIERE DE SESION PANTALLA PRINCIPAL");
INSERT INTO tbl_bitacora VALUES("61","2022-11-27 00:00:00","1","1","INGRESO AL SISTEMA","INGRESO A LA PANTALLA PRINCIPAL DESDE LOGIN");
INSERT INTO tbl_bitacora VALUES("62","2022-11-27 00:00:00","1","1","CERRAR SESION","CIERE DE SESION PANTALLA PRINCIPAL");
INSERT INTO tbl_bitacora VALUES("63","2022-11-27 00:00:00","1","1","INGRESO AL SISTEMA","INGRESO A LA PANTALLA PRINCIPAL DESDE LOGIN");
INSERT INTO tbl_bitacora VALUES("64","2022-11-27 00:00:00","1","1","INGRESO AL SISTEMA","INGRESO A LA PANTALLA PRINCIPAL DESDE LOGIN");
INSERT INTO tbl_bitacora VALUES("65","2022-11-27 00:00:00","1","1","INGRESO AL SISTEMA","INGRESO A LA PANTALLA PRINCIPAL DESDE LOGIN");
INSERT INTO tbl_bitacora VALUES("66","2022-11-27 00:00:00","1","1","INGRESO AL SISTEMA","INGRESO A LA PANTALLA PRINCIPAL DESDE LOGIN");
INSERT INTO tbl_bitacora VALUES("67","2022-11-28 00:00:00","3","1","INGRESO AL SISTEMA","INGRESO A LA PANTALLA PRINCIPAL DESDE LOGIN");
INSERT INTO tbl_bitacora VALUES("68","2022-11-28 00:00:00","1","1","INGRESO AL SISTEMA","INGRESO A LA PANTALLA PRINCIPAL DESDE LOGIN");
INSERT INTO tbl_bitacora VALUES("69","2022-11-28 00:00:00","1","1","CERRAR SESION","CIERE DE SESION PANTALLA PRINCIPAL");
INSERT INTO tbl_bitacora VALUES("70","2022-11-28 00:00:00","1","1","INGRESO AL SISTEMA","INGRESO A LA PANTALLA PRINCIPAL DESDE LOGIN");
INSERT INTO tbl_bitacora VALUES("71","2022-11-28 00:00:00","1","1","INGRESO AL SISTEMA","INGRESO A LA PANTALLA PRINCIPAL DESDE LOGIN");
INSERT INTO tbl_bitacora VALUES("72","2022-11-28 00:00:00","1","1","INGRESO AL SISTEMA","INGRESO A LA PANTALLA PRINCIPAL DESDE LOGIN");
INSERT INTO tbl_bitacora VALUES("73","2022-11-28 00:00:00","1","1","INGRESO AL SISTEMA","INGRESO A LA PANTALLA PRINCIPAL DESDE LOGIN");
INSERT INTO tbl_bitacora VALUES("74","2022-11-28 00:00:00","1","1","INGRESO AL SISTEMA","INGRESO A LA PANTALLA PRINCIPAL DESDE LOGIN");
INSERT INTO tbl_bitacora VALUES("75","2022-11-28 00:00:00","1","1","INGRESO AL SISTEMA","INGRESO A LA PANTALLA PRINCIPAL DESDE LOGIN");
INSERT INTO tbl_bitacora VALUES("76","2022-11-28 00:00:00","1","1","INGRESO AL SISTEMA","INGRESO A LA PANTALLA PRINCIPAL DESDE LOGIN");
INSERT INTO tbl_bitacora VALUES("77","2022-11-28 00:00:00","1","1","INGRESO AL SISTEMA","INGRESO A LA PANTALLA PRINCIPAL DESDE LOGIN");
INSERT INTO tbl_bitacora VALUES("78","2022-11-28 00:00:00","1","1","INGRESO AL SISTEMA","INGRESO A LA PANTALLA PRINCIPAL DESDE LOGIN");
INSERT INTO tbl_bitacora VALUES("79","2022-11-29 00:00:00","1","1","INGRESO AL SISTEMA","INGRESO A LA PANTALLA PRINCIPAL DESDE LOGIN");
INSERT INTO tbl_bitacora VALUES("80","2022-11-29 00:00:00","1","1","INGRESO AL SISTEMA","INGRESO A LA PANTALLA PRINCIPAL DESDE LOGIN");
INSERT INTO tbl_bitacora VALUES("81","2022-11-29 00:00:00","2","1","INTENTOS LOGIN","REGISTRO POR INTENTOS DE INGRESAR AL SISTEMA DESDE EL INDEX");
INSERT INTO tbl_bitacora VALUES("82","2022-11-29 00:00:00","2","1","INTENTOS LOGIN","REGISTRO POR INTENTOS DE INGRESAR AL SISTEMA DESDE EL INDEX");
INSERT INTO tbl_bitacora VALUES("83","2022-11-29 00:00:00","3","1","INGRESO AL SISTEMA","INGRESO A LA PANTALLA PRINCIPAL DESDE LOGIN");
INSERT INTO tbl_bitacora VALUES("84","2022-11-29 00:00:00","3","1","INGRESO AL SISTEMA","INGRESO A LA PANTALLA PRINCIPAL DESDE LOGIN");
INSERT INTO tbl_bitacora VALUES("85","2022-11-29 00:00:00","1","1","CERRAR SESION","CIERE DE SESION PANTALLA PRINCIPAL");
INSERT INTO tbl_bitacora VALUES("86","2022-11-29 00:00:00","1","1","INTENTOS LOGIN","REGISTRO POR INTENTOS DE INGRESAR AL SISTEMA DESDE EL INDEX");
INSERT INTO tbl_bitacora VALUES("87","2022-11-29 00:00:00","1","1","INGRESO AL SISTEMA","INGRESO A LA PANTALLA PRINCIPAL DESDE LOGIN");
INSERT INTO tbl_bitacora VALUES("88","2022-11-29 00:00:00","1","1","INGRESO AL SISTEMA","INGRESO A LA PANTALLA PRINCIPAL DESDE LOGIN");
INSERT INTO tbl_bitacora VALUES("89","2022-11-29 00:00:00","1","1","INGRESO AL SISTEMA","INGRESO A LA PANTALLA PRINCIPAL DESDE LOGIN");
INSERT INTO tbl_bitacora VALUES("90","2022-11-29 00:00:00","1","1","INGRESO AL SISTEMA","INGRESO A LA PANTALLA PRINCIPAL DESDE LOGIN");
INSERT INTO tbl_bitacora VALUES("91","2022-11-29 00:00:00","1","1","INGRESO AL SISTEMA","INGRESO A LA PANTALLA PRINCIPAL DESDE LOGIN");
INSERT INTO tbl_bitacora VALUES("92","2022-11-29 00:00:00","1","1","CERRAR SESION","CIERE DE SESION PANTALLA PRINCIPAL");
INSERT INTO tbl_bitacora VALUES("93","2022-11-29 00:00:00","1","1","INGRESO AL SISTEMA","INGRESO A LA PANTALLA PRINCIPAL DESDE LOGIN");
INSERT INTO tbl_bitacora VALUES("94","2022-11-29 00:00:00","3","1","INGRESO AL SISTEMA","INGRESO A LA PANTALLA PRINCIPAL DESDE LOGIN");
INSERT INTO tbl_bitacora VALUES("95","2022-11-29 00:00:00","1","1","CERRAR SESION","CIERE DE SESION PANTALLA PRINCIPAL");
INSERT INTO tbl_bitacora VALUES("96","2022-11-29 00:00:00","1","1","INGRESO AL SISTEMA","INGRESO A LA PANTALLA PRINCIPAL DESDE LOGIN");
INSERT INTO tbl_bitacora VALUES("97","2022-11-29 00:00:00","1","1","CERRAR SESION","CIERE DE SESION PANTALLA PRINCIPAL");
INSERT INTO tbl_bitacora VALUES("98","2022-11-29 00:00:00","1","1","INGRESO AL SISTEMA","INGRESO A LA PANTALLA PRINCIPAL DESDE LOGIN");
INSERT INTO tbl_bitacora VALUES("99","2022-11-29 00:00:00","1","1","INGRESO AL SISTEMA","INGRESO A LA PANTALLA PRINCIPAL DESDE LOGIN");
INSERT INTO tbl_bitacora VALUES("100","2022-11-29 00:00:00","1","1","INGRESO AL SISTEMA","INGRESO A LA PANTALLA PRINCIPAL DESDE LOGIN");
INSERT INTO tbl_bitacora VALUES("101","2022-11-29 00:00:00","1","1","INGRESO AL SISTEMA","INGRESO A LA PANTALLA PRINCIPAL DESDE LOGIN");
INSERT INTO tbl_bitacora VALUES("102","2022-11-29 00:00:00","1","1","INGRESO AL SISTEMA","INGRESO A LA PANTALLA PRINCIPAL DESDE LOGIN");
INSERT INTO tbl_bitacora VALUES("103","2022-11-29 00:00:00","1","1","INGRESO AL SISTEMA","INGRESO A LA PANTALLA PRINCIPAL DESDE LOGIN");
INSERT INTO tbl_bitacora VALUES("104","2022-11-29 00:00:00","1","1","INGRESO AL SISTEMA","INGRESO A LA PANTALLA PRINCIPAL DESDE LOGIN");
INSERT INTO tbl_bitacora VALUES("105","2022-11-29 00:00:00","1","1","INGRESO AL SISTEMA","INGRESO A LA PANTALLA PRINCIPAL DESDE LOGIN");
INSERT INTO tbl_bitacora VALUES("106","2022-11-29 00:00:00","1","1","INGRESO AL SISTEMA","INGRESO A LA PANTALLA PRINCIPAL DESDE LOGIN");
INSERT INTO tbl_bitacora VALUES("107","2022-11-29 00:00:00","1","1","INGRESO AL SISTEMA","INGRESO A LA PANTALLA PRINCIPAL DESDE LOGIN");
INSERT INTO tbl_bitacora VALUES("108","2022-11-29 00:00:00","1","1","INGRESO AL SISTEMA","INGRESO A LA PANTALLA PRINCIPAL DESDE LOGIN");
INSERT INTO tbl_bitacora VALUES("109","2022-11-29 00:00:00","1","1","INGRESO AL SISTEMA","INGRESO A LA PANTALLA PRINCIPAL DESDE LOGIN");



DROP TABLE IF EXISTS tbl_cliente;

CREATE TABLE `tbl_cliente` (
  `COD_CLIENTE` int NOT NULL AUTO_INCREMENT,
  `RTN` varchar(14) DEFAULT NULL,
  `NOMBRE_COMPLETO` varchar(100) NOT NULL,
  `TELEFONO` int DEFAULT NULL,
  `CORREO_ELECTRONICO` varchar(30) DEFAULT NULL,
  `DIRECCION` varchar(255) DEFAULT NULL,
  `FECHA_REGISTRO` datetime DEFAULT NULL,
  `COD_GENERO` int DEFAULT NULL,
  `ID_USUARIO` int DEFAULT NULL,
  `ESTADO` int NOT NULL DEFAULT '1',
  PRIMARY KEY (`COD_CLIENTE`),
  KEY `tbl_Genero_Cod_Genero_idx` (`COD_GENERO`),
  KEY `Cliente_IdUsuario_idx` (`ID_USUARIO`),
  CONSTRAINT `Cliente_CodGenero` FOREIGN KEY (`COD_GENERO`) REFERENCES `tbl_genero` (`COD_GENERO`),
  CONSTRAINT `Cliente_IdUsuario` FOREIGN KEY (`ID_USUARIO`) REFERENCES `tbl_ms_usuario` (`ID_USUARIO`)
) ENGINE=InnoDB AUTO_INCREMENT=4 DEFAULT CHARSET=utf8mb4 COLLATE=utf8mb4_0900_ai_ci;

INSERT INTO tbl_cliente VALUES("1","0801200011567","ENRIQUE","326476699","ASDWASD@GMAIL.COM","ASDASDASD","2022-11-11 00:00:00","1","1","1");
INSERT INTO tbl_cliente VALUES("2","0801190011567","Enrique Nolasco","32647699","hbustillo@unah.hn","Centro America Oeste","2022-11-28 00:00:00","1","1","1");
INSERT INTO tbl_cliente VALUES("3","0801190011567","Enrique Nolasco","32649898","hbustillo@unah.com","Centro America Oeste","2022-11-29 00:00:00","1","1","1");



DROP TABLE IF EXISTS tbl_compra;

CREATE TABLE `tbl_compra` (
  `COD_COMPRA` int NOT NULL AUTO_INCREMENT,
  `TOTAL_PAGADO` decimal(8,2) DEFAULT NULL,
  `FECHA` datetime DEFAULT NULL,
  `ISV` decimal(8,2) DEFAULT NULL,
  `COD_PROVEEDOR` int DEFAULT NULL,
  PRIMARY KEY (`COD_COMPRA`),
  KEY `TBL_PROVEEDOR_COD_PROVEEDOR_idx` (`COD_PROVEEDOR`),
  CONSTRAINT `Compra_CodProveedor` FOREIGN KEY (`COD_PROVEEDOR`) REFERENCES `tbl_proveedor` (`COD_PROVEEDOR`)
) ENGINE=InnoDB AUTO_INCREMENT=4 DEFAULT CHARSET=utf8mb4 COLLATE=utf8mb4_0900_ai_ci;

INSERT INTO tbl_compra VALUES("1","500.00","2022-11-28 00:00:00","15.00","14");
INSERT INTO tbl_compra VALUES("2","500.00","2022-11-28 00:00:00","0.15","16");
INSERT INTO tbl_compra VALUES("3","500.00","2022-11-28 00:00:00","0.15","16");



DROP TABLE IF EXISTS tbl_configuracion_cai;

CREATE TABLE `tbl_configuracion_cai` (
  `COD_TALONARIO` int NOT NULL AUTO_INCREMENT,
  `RANGO_INICIAL` int DEFAULT NULL,
  `RANGO_FINAL` int DEFAULT NULL,
  `RANGO_ACTUAL` int DEFAULT NULL,
  `NUMERO_CAI` varchar(40) DEFAULT NULL,
  `FECHA_VENCIMIENTO` datetime DEFAULT NULL,
  `ID_USUARIO` int DEFAULT NULL,
  PRIMARY KEY (`COD_TALONARIO`),
  KEY `TBL_MS_USUARIOS_ID_USUARIO_idx` (`ID_USUARIO`),
  CONSTRAINT `ConfiguracionCAI_IdUsuario` FOREIGN KEY (`ID_USUARIO`) REFERENCES `tbl_ms_usuario` (`ID_USUARIO`)
) ENGINE=InnoDB DEFAULT CHARSET=utf8mb4 COLLATE=utf8mb4_0900_ai_ci;




DROP TABLE IF EXISTS tbl_descuento;

CREATE TABLE `tbl_descuento` (
  `COD_DESCUENTO` int NOT NULL AUTO_INCREMENT,
  `NOMBRE_DESCUENTO` varchar(20) DEFAULT NULL,
  `PORCENTAJE_DESCUENTO` decimal(8,2) DEFAULT NULL,
  PRIMARY KEY (`COD_DESCUENTO`)
) ENGINE=InnoDB DEFAULT CHARSET=utf8mb4 COLLATE=utf8mb4_0900_ai_ci;




DROP TABLE IF EXISTS tbl_detalle_compra;

CREATE TABLE `tbl_detalle_compra` (
  `COD_DETALLE_COMPRA` int NOT NULL AUTO_INCREMENT,
  `PRECIO_COMPRA` decimal(8,2) DEFAULT NULL,
  `CANTIDAD` int DEFAULT NULL,
  `COD_PRODUCTO` int DEFAULT NULL,
  `COD_COMPRA` int DEFAULT NULL,
  PRIMARY KEY (`COD_DETALLE_COMPRA`),
  KEY `TBL_PRODUCTO_COD_PRODUCTO_idx` (`COD_PRODUCTO`),
  KEY `TBL_COMPRA_COD_COMPRA_idx` (`COD_COMPRA`),
  CONSTRAINT `DetalleCompra_CodCompra` FOREIGN KEY (`COD_COMPRA`) REFERENCES `tbl_compra` (`COD_COMPRA`),
  CONSTRAINT `DetalleCompra_CodProducto` FOREIGN KEY (`COD_PRODUCTO`) REFERENCES `tbl_producto` (`COD_PRODUCTO`)
) ENGINE=InnoDB AUTO_INCREMENT=6 DEFAULT CHARSET=utf8mb4 COLLATE=utf8mb4_0900_ai_ci;

INSERT INTO tbl_detalle_compra VALUES("3","50.00","10","3","1");
INSERT INTO tbl_detalle_compra VALUES("4","500.00","1","4","2");
INSERT INTO tbl_detalle_compra VALUES("5","50.00","10","5","3");



DROP TABLE IF EXISTS tbl_detalle_factura;

CREATE TABLE `tbl_detalle_factura` (
  `CORRELATIVO` bigint NOT NULL AUTO_INCREMENT,
  `NO_FACTURA` bigint DEFAULT NULL,
  `COD_PRODUCTO` int DEFAULT NULL,
  `CANTIDAD` int DEFAULT NULL,
  `PRECIO_VENTA` decimal(10,2) DEFAULT NULL,
  PRIMARY KEY (`CORRELATIVO`),
  KEY `DetalleFactura_CodProducto_idx` (`COD_PRODUCTO`),
  KEY `DetalleFactura_NoFactura_idx` (`NO_FACTURA`),
  CONSTRAINT `DetalleFactura_CodProducto` FOREIGN KEY (`COD_PRODUCTO`) REFERENCES `tbl_producto` (`COD_PRODUCTO`),
  CONSTRAINT `DetalleFactura_NoFactura` FOREIGN KEY (`NO_FACTURA`) REFERENCES `tbl_factura` (`NO_FACTURA`)
) ENGINE=InnoDB AUTO_INCREMENT=2 DEFAULT CHARSET=utf8mb4 COLLATE=utf8mb4_0900_ai_ci;




DROP TABLE IF EXISTS tbl_detalle_factura_temp;

CREATE TABLE `tbl_detalle_factura_temp` (
  `CORRELATIVO` int NOT NULL AUTO_INCREMENT,
  `COD_PRODUCTO` int NOT NULL,
  `CANTIDAD` int NOT NULL,
  `PRECIO_VENTA` decimal(10,2) NOT NULL,
  PRIMARY KEY (`CORRELATIVO`),
  KEY `DetalleDacturaTemp_CodProducto_idx` (`COD_PRODUCTO`),
  CONSTRAINT `DetalleDacturaTemp_CodProducto` FOREIGN KEY (`COD_PRODUCTO`) REFERENCES `tbl_producto` (`COD_PRODUCTO`)
) ENGINE=InnoDB DEFAULT CHARSET=utf8mb4 COLLATE=utf8mb4_0900_ai_ci;




DROP TABLE IF EXISTS tbl_detalle_produccion;

CREATE TABLE `tbl_detalle_produccion` (
  `COD_DETALLE_PRODUCCION` int NOT NULL AUTO_INCREMENT,
  `CANTIDAD` int DEFAULT NULL,
  `COD_PRODUCTO` int DEFAULT NULL,
  `COD_PRODUCCION` int DEFAULT NULL,
  PRIMARY KEY (`COD_DETALLE_PRODUCCION`),
  KEY `TBL_PRODUCTO_COD_PRODUCTO_idx` (`COD_PRODUCTO`),
  KEY `TBL_PRODUCCION_COD_PRODUCCION_idx` (`COD_PRODUCCION`),
  CONSTRAINT `DetalleProduccion_CodProduccion` FOREIGN KEY (`COD_PRODUCCION`) REFERENCES `tbl_produccion` (`COD_PRODUCCION`),
  CONSTRAINT `DetalleProduccion_CodProducto` FOREIGN KEY (`COD_PRODUCTO`) REFERENCES `tbl_producto` (`COD_PRODUCTO`)
) ENGINE=InnoDB DEFAULT CHARSET=utf8mb4 COLLATE=utf8mb4_0900_ai_ci;




DROP TABLE IF EXISTS tbl_detalle_produccion_temp;

CREATE TABLE `tbl_detalle_produccion_temp` (
  `id` int NOT NULL AUTO_INCREMENT,
  `insumo` varchar(30) DEFAULT NULL,
  `cantidad` int DEFAULT NULL,
  PRIMARY KEY (`id`)
) ENGINE=InnoDB AUTO_INCREMENT=2 DEFAULT CHARSET=utf8mb4 COLLATE=utf8mb4_0900_ai_ci;

INSERT INTO tbl_detalle_produccion_temp VALUES("1","TELA","1");



DROP TABLE IF EXISTS tbl_estante;

CREATE TABLE `tbl_estante` (
  `COD_ESTANTE` int NOT NULL AUTO_INCREMENT,
  `NOMBRE_ESTANTE` varchar(20) DEFAULT NULL,
  PRIMARY KEY (`COD_ESTANTE`)
) ENGINE=InnoDB DEFAULT CHARSET=utf8mb4 COLLATE=utf8mb4_0900_ai_ci;




DROP TABLE IF EXISTS tbl_factura;

CREATE TABLE `tbl_factura` (
  `NO_FACTURA` bigint NOT NULL AUTO_INCREMENT,
  `FECHA` datetime DEFAULT CURRENT_TIMESTAMP,
  `ID_USUARIO` int DEFAULT NULL,
  `COD_CLIENTE` int DEFAULT NULL,
  `TOTAL_FACTURA` decimal(10,2) DEFAULT NULL,
  `ESTADO` int NOT NULL DEFAULT '1',
  PRIMARY KEY (`NO_FACTURA`),
  KEY `TBL_CLIENTE_COD_CLIENTE_idx` (`COD_CLIENTE`),
  CONSTRAINT `Venta_CodCliente` FOREIGN KEY (`COD_CLIENTE`) REFERENCES `tbl_cliente` (`COD_CLIENTE`)
) ENGINE=InnoDB AUTO_INCREMENT=2 DEFAULT CHARSET=utf8mb4 COLLATE=utf8mb4_0900_ai_ci;




DROP TABLE IF EXISTS tbl_factura_descuento;

CREATE TABLE `tbl_factura_descuento` (
  `COD_FACTURA_DESCUENTO` int NOT NULL AUTO_INCREMENT,
  `NO_FACTURA` bigint DEFAULT NULL,
  `COD_DESCUENTO` int DEFAULT NULL,
  PRIMARY KEY (`COD_FACTURA_DESCUENTO`),
  KEY `FacturaDescuento_CodVenta_idx` (`NO_FACTURA`),
  KEY `FacturaDescuento_CodDescuento_idx` (`COD_DESCUENTO`),
  CONSTRAINT `FacturaDescuento_CodDescuento` FOREIGN KEY (`COD_DESCUENTO`) REFERENCES `tbl_descuento` (`COD_DESCUENTO`),
  CONSTRAINT `FacturaDescuento_CodVenta` FOREIGN KEY (`NO_FACTURA`) REFERENCES `tbl_factura` (`NO_FACTURA`)
) ENGINE=InnoDB DEFAULT CHARSET=utf8mb4 COLLATE=utf8mb4_0900_ai_ci;




DROP TABLE IF EXISTS tbl_factura_promocion;

CREATE TABLE `tbl_factura_promocion` (
  `COD_FACTURA_PROMOCION` int NOT NULL AUTO_INCREMENT,
  `COD_PROMOCION` int DEFAULT NULL,
  `NO_FACTURA` bigint DEFAULT NULL,
  PRIMARY KEY (`COD_FACTURA_PROMOCION`),
  KEY `FacturaPromocion_CodVenta_idx` (`NO_FACTURA`),
  KEY `FacturaPromocion_CodPromocion_idx` (`COD_PROMOCION`),
  CONSTRAINT `FacturaPromocion_CodPromocion` FOREIGN KEY (`COD_PROMOCION`) REFERENCES `tbl_promocion` (`COD_PROMOCION`),
  CONSTRAINT `FacturaPromocion_CodVenta` FOREIGN KEY (`NO_FACTURA`) REFERENCES `tbl_factura` (`NO_FACTURA`)
) ENGINE=InnoDB DEFAULT CHARSET=utf8mb4 COLLATE=utf8mb4_0900_ai_ci;




DROP TABLE IF EXISTS tbl_genero;

CREATE TABLE `tbl_genero` (
  `COD_GENERO` int NOT NULL AUTO_INCREMENT,
  `NOMBRE_GENERO` varchar(10) DEFAULT NULL,
  PRIMARY KEY (`COD_GENERO`)
) ENGINE=InnoDB AUTO_INCREMENT=3 DEFAULT CHARSET=utf8mb4 COLLATE=utf8mb4_0900_ai_ci;

INSERT INTO tbl_genero VALUES("1","MASCULINO");
INSERT INTO tbl_genero VALUES("2","FEMENINO");



DROP TABLE IF EXISTS tbl_inventario;

CREATE TABLE `tbl_inventario` (
  `COD_INVENTARIO` int NOT NULL AUTO_INCREMENT,
  `FECHA` datetime DEFAULT NULL,
  `DESCRIPCION` varchar(255) DEFAULT NULL,
  `CANTIDAD` int DEFAULT NULL,
  `COD_PRODUCTO` int DEFAULT NULL,
  `COD_TIPO_INVENTARIO` int DEFAULT NULL,
  PRIMARY KEY (`COD_INVENTARIO`),
  KEY `TBL_PRODUCTO_COD_PRODUCTO_idx` (`COD_PRODUCTO`),
  KEY `TBL_TIPO_INVENTARIO_COD_TIPO_INVENTARIO_idx` (`COD_TIPO_INVENTARIO`),
  CONSTRAINT `Inventario_CodTipoInventario` FOREIGN KEY (`COD_TIPO_INVENTARIO`) REFERENCES `tbl_tipo_inventario` (`COD_TIPO_INVENTARIO`),
  CONSTRAINT `InventarioCodProducto` FOREIGN KEY (`COD_PRODUCTO`) REFERENCES `tbl_producto` (`COD_PRODUCTO`)
) ENGINE=InnoDB AUTO_INCREMENT=6 DEFAULT CHARSET=utf8mb4 COLLATE=utf8mb4_0900_ai_ci;

INSERT INTO tbl_inventario VALUES("5","2022-11-28 00:00:00","tela","10","1","1");



DROP TABLE IF EXISTS tbl_kardex;

CREATE TABLE `tbl_kardex` (
  `COD_KARDEX` int NOT NULL AUTO_INCREMENT,
  `FECHA` datetime DEFAULT NULL,
  `COD_PRODUCTO` int DEFAULT NULL,
  `COD_TIPO_MOVIMIENTO` int DEFAULT NULL,
  `COD_ESTANTE` int DEFAULT NULL,
  PRIMARY KEY (`COD_KARDEX`),
  KEY `tbl_Producto_Cod_Producto_idx` (`COD_PRODUCTO`),
  KEY `TBL_ESTANTE_COD_ESTANTE_idx` (`COD_ESTANTE`),
  KEY `TBL_TIPO_MOVIMIENTO_COD_TIPO_MOVIMIENTO_idx` (`COD_TIPO_MOVIMIENTO`),
  CONSTRAINT `Kardex_CodEstante` FOREIGN KEY (`COD_ESTANTE`) REFERENCES `tbl_estante` (`COD_ESTANTE`),
  CONSTRAINT `Kardex_CodProducto` FOREIGN KEY (`COD_PRODUCTO`) REFERENCES `tbl_producto` (`COD_PRODUCTO`),
  CONSTRAINT `Kardex_CodTipoMovimiento` FOREIGN KEY (`COD_TIPO_MOVIMIENTO`) REFERENCES `tbl_tipo_movimiento` (`COD_TIPO_MOVIMIENTO`)
) ENGINE=InnoDB DEFAULT CHARSET=utf8mb4 COLLATE=utf8mb4_0900_ai_ci;




DROP TABLE IF EXISTS tbl_ms_estado;

CREATE TABLE `tbl_ms_estado` (
  `ID_ESTADO` int NOT NULL AUTO_INCREMENT,
  `NOMBRE_ESTADO` varchar(45) NOT NULL,
  `DESCRIPCION` varchar(100) DEFAULT NULL,
  `CREADO_POR` varchar(15) DEFAULT NULL,
  `FECHA_CREACION` date DEFAULT NULL,
  `MODIFICADO_POR` varchar(15) DEFAULT NULL,
  `FECHA_MODIFICACION` date DEFAULT NULL,
  PRIMARY KEY (`ID_ESTADO`)
) ENGINE=InnoDB AUTO_INCREMENT=7 DEFAULT CHARSET=utf8mb4 COLLATE=utf8mb4_0900_ai_ci;

INSERT INTO tbl_ms_estado VALUES("1","NUEVO","NUEVO","ADMIN","2022-11-07","ADMIN","2022-11-07");
INSERT INTO tbl_ms_estado VALUES("2","ACTIVO","ACTIVO","ADMIN","2022-11-07","ADMIN","2022-11-07");
INSERT INTO tbl_ms_estado VALUES("3","INACTIVO","INACTIVO","ADMIN","2022-11-07","ADMIN","2022-11-07");
INSERT INTO tbl_ms_estado VALUES("4","BLOQUEADO","BLOQUEADO","ADMIN","2022-11-07","ADMIN","2022-11-07");
INSERT INTO tbl_ms_estado VALUES("5","RESETEO","RESETEO","ADMIN","2022-11-07","ADMIN","2022-11-07");
INSERT INTO tbl_ms_estado VALUES("6","PENDIENTE","PENDIENTE","ADMIN","2022-11-07","ADMIN","2022-11-07");



DROP TABLE IF EXISTS tbl_ms_hist_contrasena;

CREATE TABLE `tbl_ms_hist_contrasena` (
  `ID_USUARIO` int DEFAULT NULL,
  `CONTRASENA` varchar(100) NOT NULL,
  `CREADO_POR` varchar(15) DEFAULT NULL,
  `FECHA_CREACION` date DEFAULT NULL,
  `MODIFICADO_POR` varchar(15) DEFAULT NULL,
  `FECHA_MODIFICACION` date DEFAULT NULL,
  KEY `TBL_MS_USUARIOS_ID_USUARIO_idx` (`ID_USUARIO`),
  CONSTRAINT `HistContrasena_IdUsuario` FOREIGN KEY (`ID_USUARIO`) REFERENCES `tbl_ms_usuario` (`ID_USUARIO`)
) ENGINE=InnoDB DEFAULT CHARSET=utf8mb4 COLLATE=utf8mb4_0900_ai_ci;




DROP TABLE IF EXISTS tbl_ms_objetos;

CREATE TABLE `tbl_ms_objetos` (
  `ID_OBJETO` int NOT NULL AUTO_INCREMENT,
  `OBJETO` varchar(100) NOT NULL,
  `DESCRIPCION` varchar(100) DEFAULT NULL,
  `TIPO_OBJETO` varchar(15) DEFAULT NULL,
  `CREADO_POR` varchar(15) DEFAULT NULL,
  `FECHA_CREACION` date DEFAULT NULL,
  `MODIFICADO_POR` varchar(15) DEFAULT NULL,
  `FECHA_MODIFICACION` date DEFAULT NULL,
  PRIMARY KEY (`ID_OBJETO`)
) ENGINE=InnoDB AUTO_INCREMENT=5 DEFAULT CHARSET=utf8mb4 COLLATE=utf8mb4_0900_ai_ci;

INSERT INTO tbl_ms_objetos VALUES("1","PRINCIPAL","PANTALLA PRINCIPAL","PANTALLA","ADMINISTRADOR","2022-11-07","ADMINISTRADOR","2022-11-07");
INSERT INTO tbl_ms_objetos VALUES("2","MANTENIMIENTO USUARIO","GESTION DE USUARIOS","PANTALLA","ADMINISTRADOR","2022-11-07","ADMINISTRADOR","2022-11-07");
INSERT INTO tbl_ms_objetos VALUES("3","AUTOREGISTRO","AUTOREGISTRO USUARIO","PANTALLA","ADMINISTRADOR","2022-11-07","ADMINISTRADOR","2022-11-07");
INSERT INTO tbl_ms_objetos VALUES("4","SEGURIDAD","VENTANA DE SEGURIDAD","PANTALLA","ADMINISTRADOR","2022-11-07","ADMINISTRADOR","2022-11-07");



DROP TABLE IF EXISTS tbl_ms_parametros;

CREATE TABLE `tbl_ms_parametros` (
  `ID_PARAMETRO` int NOT NULL AUTO_INCREMENT,
  `PARAMETRO` varchar(50) NOT NULL,
  `VALOR` varchar(100) NOT NULL,
  `ID_USUARIO` int NOT NULL,
  `CREADO_POR` varchar(15) DEFAULT NULL,
  `FECHA_CREACION` date DEFAULT NULL,
  `MODIFICADO_POR` varchar(15) DEFAULT NULL,
  `FECHA_MODIFICACION` date DEFAULT NULL,
  PRIMARY KEY (`ID_PARAMETRO`),
  KEY `TBL_MS_USUARIOS_ID_USUARIO_idx` (`ID_USUARIO`),
  CONSTRAINT `Parametros_IdUsuario` FOREIGN KEY (`ID_USUARIO`) REFERENCES `tbl_ms_usuario` (`ID_USUARIO`)
) ENGINE=InnoDB AUTO_INCREMENT=5 DEFAULT CHARSET=utf8mb4 COLLATE=utf8mb4_0900_ai_ci;

INSERT INTO tbl_ms_parametros VALUES("1","ADMIN_INTENTOS","3","1","ADMIN","2022-11-07","ADMIN","2022-11-07");
INSERT INTO tbl_ms_parametros VALUES("2","ADMIN_PREGUTNAS","3","1","ADMIN","2022-11-07","ADMIN","2022-11-07");
INSERT INTO tbl_ms_parametros VALUES("3","ADMIN_CORREO","admin@hotmail.com","1","ADMIN","2022-11-07","ADMIN","2022-11-07");
INSERT INTO tbl_ms_parametros VALUES("4","FECHA_VENCIMIENTO","30","1","ADMIN","2022-11-07","ADMIN","2022-11-07");



DROP TABLE IF EXISTS tbl_ms_permisos;

CREATE TABLE `tbl_ms_permisos` (
  `ID_ROL` int NOT NULL,
  `ID_OBJETO` int NOT NULL,
  `PERMISO_INSERCION` varchar(1) CHARACTER SET utf8mb4 COLLATE utf8mb4_bin DEFAULT '0',
  `PERMISO_ELIMINACION` varchar(1) CHARACTER SET utf8mb4 COLLATE utf8mb4_bin DEFAULT '0',
  `PERMISO_ACTUALIZACION` varchar(1) CHARACTER SET utf8mb4 COLLATE utf8mb4_bin DEFAULT '0',
  `PERMISO_CONSULTAR` varchar(1) CHARACTER SET utf8mb4 COLLATE utf8mb4_bin DEFAULT '0',
  `CREADO_POR` varchar(15) DEFAULT NULL,
  `FECHA_CREACION` date DEFAULT NULL,
  `MODIFICADO_POR` varchar(15) DEFAULT NULL,
  `FECHA_MODIFICACION` date DEFAULT NULL,
  PRIMARY KEY (`ID_ROL`,`ID_OBJETO`),
  KEY `TBL_MS_OBJETOS_ID_OBJETO_idx` (`ID_OBJETO`),
  KEY `TBL_MS_ROLES_ID_ROL_idx` (`ID_ROL`),
  CONSTRAINT `Permisos_IdObjeto` FOREIGN KEY (`ID_OBJETO`) REFERENCES `tbl_ms_objetos` (`ID_OBJETO`),
  CONSTRAINT `Permisos_IdRol` FOREIGN KEY (`ID_ROL`) REFERENCES `tbl_ms_roles` (`ID_ROL`)
) ENGINE=InnoDB DEFAULT CHARSET=utf8mb4 COLLATE=utf8mb4_0900_ai_ci;

INSERT INTO tbl_ms_permisos VALUES("1","1","1","1","1","1","","","","");
INSERT INTO tbl_ms_permisos VALUES("1","2","1","1","1","1","","","","");
INSERT INTO tbl_ms_permisos VALUES("2","1","1","0","0","0","","","","");
INSERT INTO tbl_ms_permisos VALUES("2","2","1","0","0","0","","","","");



DROP TABLE IF EXISTS tbl_ms_preguntas;

CREATE TABLE `tbl_ms_preguntas` (
  `ID_PREGUNTA` int NOT NULL AUTO_INCREMENT,
  `PREGUNTA` varchar(100) DEFAULT NULL,
  `CREADO_POR` varchar(15) DEFAULT NULL,
  `FECHA_CREACION` date DEFAULT NULL,
  `MODIFICADO_POR` varchar(15) DEFAULT NULL,
  `FECHA_MODIFICACION` date DEFAULT NULL,
  PRIMARY KEY (`ID_PREGUNTA`)
) ENGINE=InnoDB AUTO_INCREMENT=10 DEFAULT CHARSET=utf8mb4 COLLATE=utf8mb4_0900_ai_ci;

INSERT INTO tbl_ms_preguntas VALUES("1","15.00","ADMIN","2022-11-01","ADMIN","2022-11-01");
INSERT INTO tbl_ms_preguntas VALUES("2","MES DE NACIMIENTO","ADMIN","2022-11-01","ADMIN","2022-11-01");
INSERT INTO tbl_ms_preguntas VALUES("3","DEPORTISTA FAVORITO","ADMIN","2022-11-01","ADMIN","2022-11-01");
INSERT INTO tbl_ms_preguntas VALUES("4","LUGAR DE LUNA DE MIEL","ADMIN","2022-11-01","ADMIN","2022-11-01");
INSERT INTO tbl_ms_preguntas VALUES("5","COMIDA FAVORITA","ADMIN","2022-11-01","ADMIN","2022-11-01");
INSERT INTO tbl_ms_preguntas VALUES("6","TIA FAVORITA","ADMIN","2022-11-01","ADMIN","2022-11-01");
INSERT INTO tbl_ms_preguntas VALUES("7","NOMBRE DE PRIMER MASCOTA","ADMIN","2022-11-01","ADMIN","2022-11-01");
INSERT INTO tbl_ms_preguntas VALUES("8","CANTANTE FAVORITO","ADMIN","2022-11-01","ADMIN","2022-11-01");



DROP TABLE IF EXISTS tbl_ms_preguntas_usuario;

CREATE TABLE `tbl_ms_preguntas_usuario` (
  `ID_PREGUNTA` int NOT NULL,
  `ID_USUARIO` int NOT NULL,
  `RESPUESTA` varchar(100) NOT NULL,
  `CREADO_POR` varchar(15) DEFAULT NULL,
  `FECHA_CREACION` date DEFAULT NULL,
  `MODIFICADO_POR` varchar(15) DEFAULT NULL,
  `FECHA_MODIFICACION` date DEFAULT NULL,
  PRIMARY KEY (`ID_PREGUNTA`,`ID_USUARIO`),
  KEY `TBL_MS_PREGUNTAS_ID_PREGUNTA_idx` (`ID_PREGUNTA`),
  KEY `TBL_MS_USUARIOS_ID_USUARIO_idx` (`ID_USUARIO`),
  CONSTRAINT `PreguntasUsuario_IdPregunta` FOREIGN KEY (`ID_PREGUNTA`) REFERENCES `tbl_ms_preguntas` (`ID_PREGUNTA`),
  CONSTRAINT `PreguntasUusario_IdUsuario` FOREIGN KEY (`ID_USUARIO`) REFERENCES `tbl_ms_usuario` (`ID_USUARIO`)
) ENGINE=InnoDB DEFAULT CHARSET=utf8mb4 COLLATE=utf8mb4_0900_ai_ci;

INSERT INTO tbl_ms_preguntas_usuario VALUES("1","2","TEGUCIGALPA","ENRIQUE","2022-11-25","ENRIQUE","2022-11-25");
INSERT INTO tbl_ms_preguntas_usuario VALUES("1","3","TEGUCIGALPA","HECTOR","2022-11-25","HECTOR","2022-11-25");
INSERT INTO tbl_ms_preguntas_usuario VALUES("2","3","MARZO","HECTOR","2022-11-25","HECTOR","2022-11-25");
INSERT INTO tbl_ms_preguntas_usuario VALUES("3","3","EL MESSI","HECTOR","2022-11-25","HECTOR","2022-11-25");
INSERT INTO tbl_ms_preguntas_usuario VALUES("5","2","PIZZA","ENRIQUE","2022-11-25","ENRIQUE","2022-11-25");
INSERT INTO tbl_ms_preguntas_usuario VALUES("6","2","ELENA","ENRIQUE","2022-11-25","ENRIQUE","2022-11-25");



DROP TABLE IF EXISTS tbl_ms_roles;

CREATE TABLE `tbl_ms_roles` (
  `ID_ROL` int NOT NULL AUTO_INCREMENT,
  `ROL` varchar(30) NOT NULL,
  `DESCRIPCION` varchar(100) DEFAULT NULL,
  `CREADO_POR` varchar(15) DEFAULT NULL,
  `FECHA_CREACION` date DEFAULT NULL,
  `MODIFICADO_POR` varchar(15) DEFAULT NULL,
  `FECHA_MODIFICACION` date DEFAULT NULL,
  PRIMARY KEY (`ID_ROL`)
) ENGINE=InnoDB AUTO_INCREMENT=5 DEFAULT CHARSET=utf8mb4 COLLATE=utf8mb4_0900_ai_ci;

INSERT INTO tbl_ms_roles VALUES("1","ADMIN","ADMINISTRADOR","ADMINISTRADOR","2022-11-07","ADMIN","2022-11-07");
INSERT INTO tbl_ms_roles VALUES("2","EMPLEADO","EMPLEADO","ADMINISTRADOR","2022-11-07","ADMIN","2022-11-07");
INSERT INTO tbl_ms_roles VALUES("3","DEFECTO","DEFECTO","ADMINISTRADOR","2022-11-07","ADMIN","2022-11-07");



DROP TABLE IF EXISTS tbl_ms_roles_objetos;

CREATE TABLE `tbl_ms_roles_objetos` (
  `ID_ROL` int DEFAULT NULL,
  `ID_OBJETO` int DEFAULT NULL,
  `PERMISO_INSERCION` varchar(1) DEFAULT NULL,
  `PERMISO_ELIMINACION` varchar(1) DEFAULT NULL,
  `PERMISO_ACTUALIZACION` varchar(1) DEFAULT NULL,
  `CREADO_POR` varchar(15) DEFAULT NULL,
  `FECHA_CREACION` date DEFAULT NULL,
  `MODIFICADO_POR` varchar(15) DEFAULT NULL,
  `FECHA_MODIFICACION` date DEFAULT NULL,
  KEY `TBL_MS_ROLES_ID_ROL_idx` (`ID_ROL`),
  KEY `TBL_MS_OBJETOS_ID_OBJETO_idx` (`ID_OBJETO`),
  CONSTRAINT `RolesObjetos_IdObjeto` FOREIGN KEY (`ID_OBJETO`) REFERENCES `tbl_ms_objetos` (`ID_OBJETO`),
  CONSTRAINT `RolesObjetos_IdRol` FOREIGN KEY (`ID_ROL`) REFERENCES `tbl_ms_roles` (`ID_ROL`)
) ENGINE=InnoDB DEFAULT CHARSET=utf8mb4 COLLATE=utf8mb4_0900_ai_ci;




DROP TABLE IF EXISTS tbl_ms_usuario;

CREATE TABLE `tbl_ms_usuario` (
  `ID_USUARIO` int NOT NULL AUTO_INCREMENT,
  `USUARIO` varchar(15) NOT NULL,
  `NOMBRE_USUARIO` varchar(100) NOT NULL,
  `ID_ESTADO` int NOT NULL,
  `CONTRASENA` longtext NOT NULL,
  `FECHA_ULTIMA_CONEXION` datetime DEFAULT CURRENT_TIMESTAMP,
  `PREGUNTAS_CONTESTADAS` int DEFAULT NULL,
  `PRIMER_INGRESO` int DEFAULT NULL,
  `FECHA_VENCIMIENTO` datetime DEFAULT CURRENT_TIMESTAMP,
  `CORREO_ELECTRONICO` varchar(50) NOT NULL,
  `CREADO_POR` varchar(15) DEFAULT NULL,
  `FECHA_CREACION` datetime DEFAULT CURRENT_TIMESTAMP,
  `MODIFICADO_POR` varchar(15) DEFAULT NULL,
  `FECHA_MODIFICACION` datetime DEFAULT CURRENT_TIMESTAMP,
  `ID_ROL` int DEFAULT NULL,
  PRIMARY KEY (`ID_USUARIO`),
  UNIQUE KEY `Id_Usuario_UNIQUE` (`ID_USUARIO`),
  KEY `TBL_MS_ROLES_ID_ROL_idx` (`ID_ROL`),
  KEY `Usuarios_IdEstado_idx` (`ID_ESTADO`),
  CONSTRAINT `Usuarios_IdEstado` FOREIGN KEY (`ID_ESTADO`) REFERENCES `tbl_ms_estado` (`ID_ESTADO`),
  CONSTRAINT `Usuarios_IdRol` FOREIGN KEY (`ID_ROL`) REFERENCES `tbl_ms_roles` (`ID_ROL`)
) ENGINE=InnoDB AUTO_INCREMENT=4 DEFAULT CHARSET=utf8mb4 COLLATE=utf8mb4_0900_ai_ci;

INSERT INTO tbl_ms_usuario VALUES("1","ADMINISTRADOR","ADMINISTRADOR","2","$2y$10$cN./9UxFwYJJKWcB3IOGmO5bHv7xnkE9sFUqP1yJCOXjBFHoAImKO","2022-11-25 00:00:00","0","66","1970-01-01 00:00:00","admin@unah.com","ADMINISTRADOR","2022-11-25 00:00:00","ADMINISTRADOR","2022-11-25 00:00:00","1");
INSERT INTO tbl_ms_usuario VALUES("2","ENRIQUE","HECTOR ENRIQUE BUSTILLO NOLAS","2","Qwerty-11","2022-11-25 00:00:00","3","0","2022-12-25 00:00:00","hectorjrbuno1111@gmail.com","ENRIQUE","2022-11-25 00:00:00","ADMINISTRADOR","2022-11-26 00:00:00","2");
INSERT INTO tbl_ms_usuario VALUES("3","HECTOR","HECTOR ENRIQUE BUSTILLO NOLASCO","3","$2y$10$PjzU8tMVHDjDUrSiO0K3j.SJaMQ7p0KuN2FC1iY/43X4/vJ/79eCW","2022-11-25 00:00:00","3","9","2022-12-25 00:00:00","hbustillo@unah.hn","HECTOR","2022-11-25 00:00:00","HECTOR","2022-11-25 00:00:00","2");



DROP TABLE IF EXISTS tbl_produccion;

CREATE TABLE `tbl_produccion` (
  `COD_PRODUCCION` int NOT NULL AUTO_INCREMENT,
  `FECHA` datetime DEFAULT NULL,
  `NOMBRE_USUARIO` varchar(70) DEFAULT NULL,
  `COD_PRODUCTO` int DEFAULT NULL,
  `CANTIDAD_PRODUCIENDO` int DEFAULT NULL,
  `ESTADO` varchar(15) DEFAULT NULL,
  PRIMARY KEY (`COD_PRODUCCION`),
  KEY `TBL_MS_USUARIOS_ID_USUARIO_idx` (`NOMBRE_USUARIO`),
  KEY `TBL_PRODUCTO_COD_PRODUCTO_idx` (`COD_PRODUCTO`),
  CONSTRAINT `Produccion_CodProducto` FOREIGN KEY (`COD_PRODUCTO`) REFERENCES `tbl_producto` (`COD_PRODUCTO`)
) ENGINE=InnoDB AUTO_INCREMENT=2 DEFAULT CHARSET=utf8mb4 COLLATE=utf8mb4_0900_ai_ci;




DROP TABLE IF EXISTS tbl_produccion_temp;

CREATE TABLE `tbl_produccion_temp` (
  `COD_PRODUCCION` int NOT NULL AUTO_INCREMENT,
  `FECHA` datetime DEFAULT NULL,
  `NOMBRE_USUARIO` varchar(70) DEFAULT NULL,
  `COD_PRODUCTO` int DEFAULT NULL,
  `CANTIDAD_PRODUCIENDO` int DEFAULT NULL,
  `ESTADO` varchar(15) DEFAULT NULL,
  PRIMARY KEY (`COD_PRODUCCION`)
) ENGINE=InnoDB AUTO_INCREMENT=2 DEFAULT CHARSET=utf8mb4 COLLATE=utf8mb4_0900_ai_ci;

INSERT INTO tbl_produccion_temp VALUES("1","2022-11-29 00:00:00","ADMINISTRADOR","10","10","EN PRODUCCION");



DROP TABLE IF EXISTS tbl_producto;

CREATE TABLE `tbl_producto` (
  `COD_PRODUCTO` int NOT NULL AUTO_INCREMENT,
  `Nombre_PRODUCTO` varchar(30) DEFAULT NULL,
  `DESCRIPCION` varchar(255) DEFAULT NULL,
  `CANTIDAD_MINIMA` int DEFAULT NULL,
  `CANTIDAD_MAXIMA` int DEFAULT NULL,
  `COD_TIPO_PRODUCTO` int DEFAULT NULL,
  `COD_PROVEEDOR` int DEFAULT NULL,
  `PRECIO_VENTA` decimal(8,2) DEFAULT NULL,
  `EXISTENCIA` int DEFAULT NULL,
  `FECHA` datetime DEFAULT CURRENT_TIMESTAMP,
  `ID_USUARIO` int DEFAULT NULL,
  `ESTADO` int DEFAULT '1',
  `FOTO` text,
  PRIMARY KEY (`COD_PRODUCTO`),
  KEY `TBL_TIPO_PRODUCTO_COD_TIPO_PRODUCTO_idx` (`COD_TIPO_PRODUCTO`),
  KEY `Producto_CodProveedor_idx` (`COD_PROVEEDOR`),
  KEY `Producto_IdUsuario_idx` (`ID_USUARIO`),
  CONSTRAINT `Producto_CodProveedor` FOREIGN KEY (`COD_PROVEEDOR`) REFERENCES `tbl_proveedor` (`COD_PROVEEDOR`),
  CONSTRAINT `Producto_CodTipoProducto` FOREIGN KEY (`COD_TIPO_PRODUCTO`) REFERENCES `tbl_tipo_producto` (`COD_TIPO_PRODUCTO`),
  CONSTRAINT `Producto_IdUsuario` FOREIGN KEY (`ID_USUARIO`) REFERENCES `tbl_ms_usuario` (`ID_USUARIO`)
) ENGINE=InnoDB AUTO_INCREMENT=7 DEFAULT CHARSET=utf8mb4 COLLATE=utf8mb4_0900_ai_ci;

INSERT INTO tbl_producto VALUES("1","mouse","mouse","5","15","2","9","100.00","10","2022-11-29 00:00:00","1","1","asdasdasda");
INSERT INTO tbl_producto VALUES("2","Maquillaje","Maquillaje","15","40","2","10","500.00","20","2022-11-29 00:00:00","1","1","asdasdasda");
INSERT INTO tbl_producto VALUES("3","tela","tela","0","0","1","14","50.00","0","2022-11-28 00:00:00","1","1","NULL");
INSERT INTO tbl_producto VALUES("4","pintura","pintura","0","0","4","16","500.00","0","2022-11-28 00:00:00","1","1","NULL");
INSERT INTO tbl_producto VALUES("5","tela","tela","0","0","5","16","50.00","0","2022-11-28 00:00:00","1","1","NULL");
INSERT INTO tbl_producto VALUES("6","camisa m","camisa m","1","15","2","11","120.00","10","2022-11-29 00:00:00","1","1","asdasdasda");



DROP TABLE IF EXISTS tbl_promocion;

CREATE TABLE `tbl_promocion` (
  `COD_PROMOCION` int NOT NULL AUTO_INCREMENT,
  `NOMBRE_PROMOCION` varchar(100) DEFAULT NULL,
  `FECHA_INICIO` datetime DEFAULT NULL,
  `FECHA_FINAL` datetime DEFAULT NULL,
  PRIMARY KEY (`COD_PROMOCION`)
) ENGINE=InnoDB DEFAULT CHARSET=utf8mb4 COLLATE=utf8mb4_0900_ai_ci;




DROP TABLE IF EXISTS tbl_proveedor;

CREATE TABLE `tbl_proveedor` (
  `COD_PROVEEDOR` int NOT NULL AUTO_INCREMENT,
  `NOMBRE_EMPRESA` varchar(100) DEFAULT NULL,
  `RTN` varchar(14) DEFAULT NULL,
  `NOMBRE_REPRESENTANTE` varchar(100) DEFAULT NULL,
  `TELEFONO` bigint DEFAULT NULL,
  `DIRECCION` text,
  `FECHA` datetime DEFAULT CURRENT_TIMESTAMP,
  `ID_USUARIO` int DEFAULT NULL,
  `ESTADO` int DEFAULT '1',
  PRIMARY KEY (`COD_PROVEEDOR`),
  KEY `Proveedor_IdUsuario_idx` (`ID_USUARIO`),
  CONSTRAINT `Proveedor_IdUsuario` FOREIGN KEY (`ID_USUARIO`) REFERENCES `tbl_ms_usuario` (`ID_USUARIO`)
) ENGINE=InnoDB AUTO_INCREMENT=17 DEFAULT CHARSET=utf8mb4 COLLATE=utf8mb4_0900_ai_ci;

INSERT INTO tbl_proveedor VALUES("3","Juanito Corp","0801200011567","CFasd","32647699","CAO","2022-11-26 23:54:45","","1");
INSERT INTO tbl_proveedor VALUES("4","Juanito Corp","9879875654646","juanito","32647699","Col 21 de febrero","2022-11-27 16:34:31","","1");
INSERT INTO tbl_proveedor VALUES("9","Dorca Corp","080120011567","Dorca Aguilar","32647966","Col 21 de febrero","2022-11-27 16:55:01","","1");
INSERT INTO tbl_proveedor VALUES("10","MIRIAM CORP","0801200015698","Miriam Nolasco","326476699","Mall Multiplaza","2022-11-27 16:55:53","","1");
INSERT INTO tbl_proveedor VALUES("11","prueba","080120011567","prueba","32649792","casa","2022-11-27 16:59:51","","1");
INSERT INTO tbl_proveedor VALUES("12","MIRIAM CORP","08012001156789","juanitoX","25252525","prueba","2022-11-27 17:02:28","","1");
INSERT INTO tbl_proveedor VALUES("13","Juanito Corp","123123123123","Dorca Aguilar","1231231","CAO","2022-11-27 17:04:01","","1");
INSERT INTO tbl_proveedor VALUES("14","Juanito Corp","123123123123","Dorca Aguilar","1231231","CAO","2022-11-27 17:04:26","","1");
INSERT INTO tbl_proveedor VALUES("15","Luisa MakeUP","080120001567","Luisa Castro","32647699","CAO","2022-11-28 18:28:36","","1");
INSERT INTO tbl_proveedor VALUES("16","Fernando y asociados","080120011567","Fernado","32647699","CAO","2022-11-28 22:59:24","","1");



DROP TABLE IF EXISTS tbl_tipo_inventario;

CREATE TABLE `tbl_tipo_inventario` (
  `COD_TIPO_INVENTARIO` int NOT NULL AUTO_INCREMENT,
  `NOMBRE_TIPO_INVENTARIO` char(15) DEFAULT NULL,
  PRIMARY KEY (`COD_TIPO_INVENTARIO`)
) ENGINE=InnoDB AUTO_INCREMENT=3 DEFAULT CHARSET=utf8mb4 COLLATE=utf8mb4_0900_ai_ci;

INSERT INTO tbl_tipo_inventario VALUES("1","INSUMOS");
INSERT INTO tbl_tipo_inventario VALUES("2","PRODUCTOS");



DROP TABLE IF EXISTS tbl_tipo_movimiento;

CREATE TABLE `tbl_tipo_movimiento` (
  `COD_TIPO_MOVIMIENTO` int NOT NULL AUTO_INCREMENT,
  `NOMBRE_MOVIMIENTO` varchar(7) DEFAULT NULL,
  PRIMARY KEY (`COD_TIPO_MOVIMIENTO`)
) ENGINE=InnoDB DEFAULT CHARSET=utf8mb4 COLLATE=utf8mb4_0900_ai_ci;




DROP TABLE IF EXISTS tbl_tipo_producto;

CREATE TABLE `tbl_tipo_producto` (
  `COD_TIPO_PRODUCTO` int NOT NULL AUTO_INCREMENT,
  `NOMBRE_TIPO_PRODUCTO` varchar(30) DEFAULT NULL,
  PRIMARY KEY (`COD_TIPO_PRODUCTO`)
) ENGINE=InnoDB AUTO_INCREMENT=6 DEFAULT CHARSET=utf8mb4 COLLATE=utf8mb4_0900_ai_ci;

INSERT INTO tbl_tipo_producto VALUES("1","INSUMO");
INSERT INTO tbl_tipo_producto VALUES("2","PRODUCTO");
INSERT INTO tbl_tipo_producto VALUES("3","tela");
INSERT INTO tbl_tipo_producto VALUES("4","pintura");
INSERT INTO tbl_tipo_producto VALUES("5","tela");



DROP TABLE IF EXISTS usuario;

CREATE TABLE `usuario` (
  `idusuario` int NOT NULL AUTO_INCREMENT,
  `dpi` bigint DEFAULT NULL,
  `nombre` varchar(50) DEFAULT NULL,
  `correo` varchar(100) DEFAULT NULL,
  `usuario` varchar(15) DEFAULT NULL,
  `clave` varchar(100) DEFAULT NULL,
  `rol` int DEFAULT NULL,
  `estatus` int NOT NULL DEFAULT '1',
  PRIMARY KEY (`idusuario`),
  KEY `rol` (`rol`),
  CONSTRAINT `usuario_ibfk_1` FOREIGN KEY (`rol`) REFERENCES `rol` (`idrol`) ON DELETE CASCADE ON UPDATE CASCADE
) ENGINE=InnoDB AUTO_INCREMENT=21 DEFAULT CHARSET=latin1;

INSERT INTO usuario VALUES("1","0","ADMINISTRADOR","admin@unah.com","ADMINISTRADOR","$2y$10$cN./9UxFwYJJKWcB3IOGmO5bHv7xnkE9sFUqP1yJCOXjBFHoAImKO","1","1");
INSERT INTO usuario VALUES("2","0","ENRIQUE","hectorjrbuno1111@gmail.com","ENRIQUE","$2y$10$TkGiSqIRdInAmMC7Tus.c.T2f3lfAExNW9vJs/EU8zMMTFuIkOHpG","2","1");
INSERT INTO usuario VALUES("3","0","HECTOR","hbustillo@unah.hn","HECTOR","$2y$10$PjzU8tMVHDjDUrSiO0K3j.SJaMQ7p0KuN2FC1iY/43X4/vJ/79eCW","2","1");



SET FOREIGN_KEY_CHECKS=1;